01-studio-ghibli	Studio Ghibli anime film still: soft hand-painted watercolor backgrounds, gentle cel shading, warm nostalgic light
02-simpsons	The Simpsons cartoon style: yellow skin, overbite, big round eyes, thick clean outlines, flat bright colors
03-art-nouveau	Art Nouveau poster in the style of Alphonse Mucha: flowing organic lines, decorative floral halo frame, muted pastel palette, ornamental border
04-picasso-cubism	Analytic/synthetic Cubism in the manner of Picasso: fragmented geometric planes, multiple viewpoints of the face, bold oil paint
05-watercolor-sketch	loose watercolor sketch: visible pencil underdrawing, soft washes bleeding into white paper, splatters, unfinished edges
06-van-gogh	Post-Impressionist oil painting in the manner of Van Gogh: thick impasto, swirling expressive brushstrokes, vivid yellows and blues
07-ukiyo-e	Japanese ukiyo-e woodblock print (Edo period): flat color areas, fine black key lines, washi paper texture, decorative patterns
08-pixar-3d	modern 3D animated feature film style (Pixar-like): stylized proportions, big expressive eyes, soft subsurface lighting, cinematic render
09-lego	LEGO minifigure diorama: plastic brick-built cafe, the woman as a minifigure with printed face, macro toy photography
10-claymation	stop-motion claymation (Aardman-like): plasticine textures with fingerprints, rounded forms, handmade miniature set
11-pop-art-lichtenstein	Roy Lichtenstein pop art comic panel: Ben-Day dots, thick black outlines, primary colors, speech-bubble-free
12-warhol-screenprint	Andy Warhol silkscreen print: high-contrast portrait, flat neon color blocks, slight misregistration, 2x2 color variations
13-pixel-art	16-bit SNES-era pixel art: limited palette, crisp visible pixels, dithering, retro RPG game scene
14-90s-anime	1990s cel anime (Sailor Moon / Cowboy Bebop era): hand-inked cels, VHS-era color grading, film grain, sharp anime eyes
15-manga-ink	black-and-white manga page panel: G-pen inking, screentone shading, speed-free dramatic hatching, no text
16-american-comic	classic American superhero comic book art (Jack Kirby / Silver Age): bold inks, dynamic shading, CMYK halftone print, no text
17-charcoal-noir	film noir charcoal drawing: dramatic chiaroscuro, venetian-blind shadows, smudged black charcoal on grey paper
18-graphite-pencil	hyper-detailed graphite pencil drawing on white sketchbook paper: cross-hatching, eraser highlights, monochrome
19-rembrandt	Dutch Golden Age oil portrait in the manner of Rembrandt: deep chiaroscuro, warm umber tones, glazed old-master varnish, craquelure
20-monet-impressionism	French Impressionism in the manner of Monet: dappled broken-color brushstrokes, shimmering light, soft edges
21-art-deco	1920s Art Deco travel-poster illustration: geometric streamlined shapes, gold and black and teal, elegant symmetry, no text
22-constructivist	Soviet constructivist propaganda poster: bold diagonals, red/black/cream palette, photomontage feel, no text
23-stained-glass	Gothic cathedral stained-glass window: jewel-toned glass panes, thick lead came lines, light shining through
24-byzantine-mosaic	Byzantine mosaic: tiny glass and gold tesserae, gold-leaf background, flat iconographic figure
25-paper-collage	mixed-media paper collage: torn magazine paper, cut-out shapes, visible glue edges and layered textures
26-papercraft	layered 3D papercraft / paper-cut shadow box: stacked colored cardstock layers casting soft shadows
27-low-poly	low-poly 3D render: faceted triangular geometry, flat shaded polygons, clean pastel lighting
28-vaporwave	vaporwave / synthwave aesthetic: pink and cyan neon gradients, retro 80s grid, chrome, VHS glitch
29-cyberpunk	cyberpunk neon-noir: rainy night futuristic cafe, holographic signs, glowing magenta and cyan rim light, cybernetic details
30-steampunk	Victorian steampunk illustration: brass gears, goggles, copper coffee machine, sepia engraving tones
31-mexican-folk	Mexican folk art in the spirit of Frida Kahlo: flat naive painting, vibrant flowers, symbolic flora and fauna, bold colors
32-egyptian	ancient Egyptian tomb wall painting: strict profile pose, flat ochre and lapis colors, hieroglyph-like decoration, plaster texture
33-greek-pottery	ancient Greek black-figure pottery painting on a terracotta amphora: black silhouettes with incised details, meander border
34-illuminated-manuscript	medieval illuminated manuscript page: gold leaf, ornate border vines, tempera on vellum, flattened perspective, no legible text
35-chalkboard	colorful chalk drawing on a dark green blackboard: dusty strokes, smudges, hand-drawn cafe menu vibe, no text
36-cross-stitch	cross-stitch embroidery on aida cloth: visible X stitches, limited thread colors, wooden embroidery hoop edge
37-knitted-felt	needle-felted and knitted wool figure diorama: fuzzy fibers, yarn textures, handmade craft photography
38-tim-burton	gothic whimsical stop-motion style (Tim Burton-like): spindly proportions, huge dark-circled eyes, desaturated palette with pops of color
39-south-park	South Park construction-paper cutout animation style: simple geometric shapes, flat colors, round heads, dot eyes
40-cartoon-network	2010s Cartoon Network style (Adventure Time-like): noodle limbs, simple shapes, bright flat colors, thin even lines
41-disney-2d	classic 1990s hand-drawn Disney Renaissance animation: expressive cel animation, painted backgrounds, warm lighting
42-wes-anderson	Wes Anderson film still: perfect symmetry, pastel pink and mustard palette, centered framing, whimsical set design
43-rubber-hose	1930s rubber-hose cartoon (Fleischer / early Disney): black-and-white, pie-cut eyes, white gloves, film scratches and grain
44-blueprint	technical blueprint drawing: white line art on blue grid paper, construction lines, measurement annotations without readable text
45-banksy-stencil	street-art stencil graffiti (Banksy-like): black spray-paint stencil on a weathered brick wall, single red accent, drips
46-klimt-gold	Gustav Klimt golden phase: gold leaf, ornamental mosaic patterns on clothing and background, flat decorative Vienna Secession style
47-dali-surrealism	Surrealist painting in the manner of Salvador Dalí: melting coffee cup and clock, dreamlike desert beyond the window, hyper-real oil
48-line-art	minimalist single continuous line drawing: one black line on off-white paper, with one flat mustard color shape accent
